﻿<?xml version="1.0" encoding="UTF-8"?>
<MeasurementResultData Date="2013-02-12T01:45:57.312375Z">
    <!--Plate-->
    <Plate>
        <ID>
        </ID>
    </Plate>
    <!--Header-->
    <Header Application="">
        <Software_Versions>
            <Version>
            </Version>
        </Software_Versions>
        <Instrument>
            <Name>infinite 500</Name>
            <SerialNumber>810003500</SerialNumber>
        </Instrument>
        <Hardware_Versions>
            <Version>FIL, V_1.10_05/07_FIL (May 18 2007/13.40.40)</Version>
            <Version>MEA, V_1.00_06/06_MEA (Jun 14 2006/16.51.29)</Version>
        </Hardware_Versions>
        <Parameters>
            <Parameter Name="System" Value="HAMILTONP" />
            <Parameter Name="User" Value="HAMILTONP\Avihu" />
            <Parameter Name="Plate" Value="Nunclon 96 Flat Bottom Transparent Polystyrol  [NUN96ft.pdfx]" />
        </Parameters>
    </Header>
    <!--Script-->
    <Script>
        <TecanMeasurement id="1" class="Measurement" xmlns="tecan.at.schema.documents">
            <MeasurementManualCycle id="2" number="1" type="Standard">
                <CyclePlate id="3" file="NUN96ft" plateWithCover="False">
                    <PlateRange id="4" range="A1:H12" auto="false">
                        <MeasurementAbsorbance id="5" mode="Normal" type="" name="ABS" longname="" description="">
                            <Well id="6" auto="true">
                                <MeasurementReading id="7" name="" beamDiameter="3800" beamGridType="Single" beamGridSize="1" beamEdgeDistance="auto">
                                    <ReadingLabel id="8" name="OD" scanType="ScanFixed" refID="0">
                                        <ReadingSettings number="3" rate="25000" />
                                        <ReadingTime integrationTime="0" lagTime="0" readDelay="0" flash="0" dark="0" />
                                        <ReadingFilter id="9" type="Ex" wavelength="6000" bandwidth="100" attenuation="0" usage="ABS" />
                                    </ReadingLabel>
                                </MeasurementReading>
                            </Well>
                        </MeasurementAbsorbance>
                    </PlateRange>
                </CyclePlate>
            </MeasurementManualCycle>
            <MeasurementInfo id="0" description="">
                <ScriptTemplateSettings id="0">
                    <ScriptTemplateGeneralSettings id="0" Title="" Group="" Info="" Image="" />
                    <ScriptTemplateDescriptionSettings id="0" Internal="" External="" IsExternal="False" />
                </ScriptTemplateSettings>
            </MeasurementInfo>
        </TecanMeasurement>
    </Script>
    <!--Actions-->
    <Actions />
    <!--Section-->
    <Section Name="OD" Time_Start="2013-02-12T01:45:58.343625Z" Time_End="2013-02-12T01:46:22.624875Z">
        <Warnings />
        <Errors />
        <Parameters>
            <Parameter Name="Mode" Value="Absorbance" />
            <Parameter Name="Wavelength" Value="600" Unit="nm" />
            <Parameter Name="Bandwidth" Value="10" Unit="nm" />
            <Parameter Name="Number of Flashes" Value="3" />
            <Parameter Name="Settle Time" Value="0" Unit="ms" />
        </Parameters>
        <Data Cycle="1">
            <Well Pos="A1" Type="Single">
                <Single LabelId="1" Status="Measured">0.000</Single>
            </Well>
            <Well Pos="A2" Type="Single">
                <Single LabelId="1" Status="Measured">0.000</Single>
            </Well>
            <Well Pos="A3" Type="Single">
                <Single LabelId="1" Status="Measured">0.000</Single>
            </Well>
            <Well Pos="A4" Type="Single">
                <Single LabelId="1" Status="Measured">0.000</Single>
            </Well>
            <Well Pos="A5" Type="Single">
                <Single LabelId="1" Status="Measured">0.000</Single>
            </Well>
            <Well Pos="A6" Type="Single">
                <Single LabelId="1" Status="Measured">0.000</Single>
            </Well>
            <Well Pos="A7" Type="Single">
                <Single LabelId="1" Status="Measured">0.000</Single>
            </Well>
            <Well Pos="A8" Type="Single">
                <Single LabelId="1" Status="Measured">0.000</Single>
            </Well>
            <Well Pos="A9" Type="Single">
                <Single LabelId="1" Status="Measured">0.000</Single>
            </Well>
            <Well Pos="A10" Type="Single">
                <Single LabelId="1" Status="Measured">0.000</Single>
            </Well>
            <Well Pos="A11" Type="Single">
                <Single LabelId="1" Status="Measured">0.000</Single>
            </Well>
            <Well Pos="A12" Type="Single">
                <Single LabelId="1" Status="Measured">0.000</Single>
            </Well>
            <Well Pos="B12" Type="Single">
                <Single LabelId="1" Status="Measured">0.000</Single>
            </Well>
            <Well Pos="B11" Type="Single">
                <Single LabelId="1" Status="Measured">0.000</Single>
            </Well>
            <Well Pos="B10" Type="Single">
                <Single LabelId="1" Status="Measured">0.000</Single>
            </Well>
            <Well Pos="B9" Type="Single">
                <Single LabelId="1" Status="Measured">0.000</Single>
            </Well>
            <Well Pos="B8" Type="Single">
                <Single LabelId="1" Status="Measured">0.000</Single>
            </Well>
            <Well Pos="B7" Type="Single">
                <Single LabelId="1" Status="Measured">0.000</Single>
            </Well>
            <Well Pos="B6" Type="Single">
                <Single LabelId="1" Status="Measured">0.000</Single>
            </Well>
            <Well Pos="B5" Type="Single">
                <Single LabelId="1" Status="Measured">0.000</Single>
            </Well>
            <Well Pos="B4" Type="Single">
                <Single LabelId="1" Status="Measured">0.000</Single>
            </Well>
            <Well Pos="B3" Type="Single">
                <Single LabelId="1" Status="Measured">0.000</Single>
            </Well>
            <Well Pos="B2" Type="Single">
                <Single LabelId="1" Status="Measured">0.000</Single>
            </Well>
            <Well Pos="B1" Type="Single">
                <Single LabelId="1" Status="Measured">0.000</Single>
            </Well>
            <Well Pos="C1" Type="Single">
                <Single LabelId="1" Status="Measured">0.000</Single>
            </Well>
            <Well Pos="C2" Type="Single">
                <Single LabelId="1" Status="Measured">0.000</Single>
            </Well>
            <Well Pos="C3" Type="Single">
                <Single LabelId="1" Status="Measured">0.000</Single>
            </Well>
            <Well Pos="C4" Type="Single">
                <Single LabelId="1" Status="Measured">0.000</Single>
            </Well>
            <Well Pos="C5" Type="Single">
                <Single LabelId="1" Status="Measured">0.000</Single>
            </Well>
            <Well Pos="C6" Type="Single">
                <Single LabelId="1" Status="Measured">0.000</Single>
            </Well>
            <Well Pos="C7" Type="Single">
                <Single LabelId="1" Status="Measured">0.000</Single>
            </Well>
            <Well Pos="C8" Type="Single">
                <Single LabelId="1" Status="Measured">0.000</Single>
            </Well>
            <Well Pos="C9" Type="Single">
                <Single LabelId="1" Status="Measured">0.000</Single>
            </Well>
            <Well Pos="C10" Type="Single">
                <Single LabelId="1" Status="Measured">0.000</Single>
            </Well>
            <Well Pos="C11" Type="Single">
                <Single LabelId="1" Status="Measured">0.000</Single>
            </Well>
            <Well Pos="C12" Type="Single">
                <Single LabelId="1" Status="Measured">0.000</Single>
            </Well>
            <Well Pos="D12" Type="Single">
                <Single LabelId="1" Status="Measured">0.000</Single>
            </Well>
            <Well Pos="D11" Type="Single">
                <Single LabelId="1" Status="Measured">0.000</Single>
            </Well>
            <Well Pos="D10" Type="Single">
                <Single LabelId="1" Status="Measured">0.000</Single>
            </Well>
            <Well Pos="D9" Type="Single">
                <Single LabelId="1" Status="Measured">0.000</Single>
            </Well>
            <Well Pos="D8" Type="Single">
                <Single LabelId="1" Status="Measured">0.000</Single>
            </Well>
            <Well Pos="D7" Type="Single">
                <Single LabelId="1" Status="Measured">0.000</Single>
            </Well>
            <Well Pos="D6" Type="Single">
                <Single LabelId="1" Status="Measured">0.000</Single>
            </Well>
            <Well Pos="D5" Type="Single">
                <Single LabelId="1" Status="Measured">0.000</Single>
            </Well>
            <Well Pos="D4" Type="Single">
                <Single LabelId="1" Status="Measured">0.000</Single>
            </Well>
            <Well Pos="D3" Type="Single">
                <Single LabelId="1" Status="Measured">0.000</Single>
            </Well>
            <Well Pos="D2" Type="Single">
                <Single LabelId="1" Status="Measured">0.000</Single>
            </Well>
            <Well Pos="D1" Type="Single">
                <Single LabelId="1" Status="Measured">0.000</Single>
            </Well>
            <Well Pos="E1" Type="Single">
                <Single LabelId="1" Status="Measured">0.000</Single>
            </Well>
            <Well Pos="E2" Type="Single">
                <Single LabelId="1" Status="Measured">0.000</Single>
            </Well>
            <Well Pos="E3" Type="Single">
                <Single LabelId="1" Status="Measured">0.000</Single>
            </Well>
            <Well Pos="E4" Type="Single">
                <Single LabelId="1" Status="Measured">0.000</Single>
            </Well>
            <Well Pos="E5" Type="Single">
                <Single LabelId="1" Status="Measured">0.000</Single>
            </Well>
            <Well Pos="E6" Type="Single">
                <Single LabelId="1" Status="Measured">0.000</Single>
            </Well>
            <Well Pos="E7" Type="Single">
                <Single LabelId="1" Status="Measured">0.000</Single>
            </Well>
            <Well Pos="E8" Type="Single">
                <Single LabelId="1" Status="Measured">0.000</Single>
            </Well>
            <Well Pos="E9" Type="Single">
                <Single LabelId="1" Status="Measured">0.000</Single>
            </Well>
            <Well Pos="E10" Type="Single">
                <Single LabelId="1" Status="Measured">0.000</Single>
            </Well>
            <Well Pos="E11" Type="Single">
                <Single LabelId="1" Status="Measured">0.000</Single>
            </Well>
            <Well Pos="E12" Type="Single">
                <Single LabelId="1" Status="Measured">0.000</Single>
            </Well>
            <Well Pos="F12" Type="Single">
                <Single LabelId="1" Status="Measured">0.000</Single>
            </Well>
            <Well Pos="F11" Type="Single">
                <Single LabelId="1" Status="Measured">0.000</Single>
            </Well>
            <Well Pos="F10" Type="Single">
                <Single LabelId="1" Status="Measured">0.000</Single>
            </Well>
            <Well Pos="F9" Type="Single">
                <Single LabelId="1" Status="Measured">0.000</Single>
            </Well>
            <Well Pos="F8" Type="Single">
                <Single LabelId="1" Status="Measured">0.000</Single>
            </Well>
            <Well Pos="F7" Type="Single">
                <Single LabelId="1" Status="Measured">0.000</Single>
            </Well>
            <Well Pos="F6" Type="Single">
                <Single LabelId="1" Status="Measured">0.000</Single>
            </Well>
            <Well Pos="F5" Type="Single">
                <Single LabelId="1" Status="Measured">0.000</Single>
            </Well>
            <Well Pos="F4" Type="Single">
                <Single LabelId="1" Status="Measured">0.000</Single>
            </Well>
            <Well Pos="F3" Type="Single">
                <Single LabelId="1" Status="Measured">0.000</Single>
            </Well>
            <Well Pos="F2" Type="Single">
                <Single LabelId="1" Status="Measured">0.000</Single>
            </Well>
            <Well Pos="F1" Type="Single">
                <Single LabelId="1" Status="Measured">0.000</Single>
            </Well>
            <Well Pos="G1" Type="Single">
                <Single LabelId="1" Status="Measured">0.000</Single>
            </Well>
            <Well Pos="G2" Type="Single">
                <Single LabelId="1" Status="Measured">0.000</Single>
            </Well>
            <Well Pos="G3" Type="Single">
                <Single LabelId="1" Status="Measured">0.000</Single>
            </Well>
            <Well Pos="G4" Type="Single">
                <Single LabelId="1" Status="Measured">0.000</Single>
            </Well>
            <Well Pos="G5" Type="Single">
                <Single LabelId="1" Status="Measured">0.000</Single>
            </Well>
            <Well Pos="G6" Type="Single">
                <Single LabelId="1" Status="Measured">0.000</Single>
            </Well>
            <Well Pos="G7" Type="Single">
                <Single LabelId="1" Status="Measured">0.000</Single>
            </Well>
            <Well Pos="G8" Type="Single">
                <Single LabelId="1" Status="Measured">0.000</Single>
            </Well>
            <Well Pos="G9" Type="Single">
                <Single LabelId="1" Status="Measured">0.000</Single>
            </Well>
            <Well Pos="G10" Type="Single">
                <Single LabelId="1" Status="Measured">0.000</Single>
            </Well>
            <Well Pos="G11" Type="Single">
                <Single LabelId="1" Status="Measured">0.000</Single>
            </Well>
            <Well Pos="G12" Type="Single">
                <Single LabelId="1" Status="Measured">0.000</Single>
            </Well>
            <Well Pos="H12" Type="Single">
                <Single LabelId="1" Status="Measured">0.000</Single>
            </Well>
            <Well Pos="H11" Type="Single">
                <Single LabelId="1" Status="Measured">0.000</Single>
            </Well>
            <Well Pos="H10" Type="Single">
                <Single LabelId="1" Status="Measured">0.000</Single>
            </Well>
            <Well Pos="H9" Type="Single">
                <Single LabelId="1" Status="Measured">0.000</Single>
            </Well>
            <Well Pos="H8" Type="Single">
                <Single LabelId="1" Status="Measured">0.000</Single>
            </Well>
            <Well Pos="H7" Type="Single">
                <Single LabelId="1" Status="Measured">0.000</Single>
            </Well>
            <Well Pos="H6" Type="Single">
                <Single LabelId="1" Status="Measured">0.000</Single>
            </Well>
            <Well Pos="H5" Type="Single">
                <Single LabelId="1" Status="Measured">0.000</Single>
            </Well>
            <Well Pos="H4" Type="Single">
                <Single LabelId="1" Status="Measured">0.000</Single>
            </Well>
            <Well Pos="H3" Type="Single">
                <Single LabelId="1" Status="Measured">0.000</Single>
            </Well>
            <Well Pos="H2" Type="Single">
                <Single LabelId="1" Status="Measured">0.000</Single>
            </Well>
            <Well Pos="H1" Type="Single">
                <Single LabelId="1" Status="Measured">0.000</Single>
            </Well>
        </Data>
    </Section>
</MeasurementResultData>